{
  "_fv": 66,
  "_type": "gui",
  "definition": {
    "type": 1,
    "width": 176,
    "height": 166,
    "inventoryOffsetX": 0,
    "inventoryOffsetY": 0,
    "renderBgLayer": true,
    "doesPauseGame": false,
    "components": [
      {
        "type": "label",
        "data": {
          "name": "label_extruder",
          "text": {
            "fixedValue": "Extruder"
          },
          "color": {
            "value": -12829636,
            "falpha": 0.0
          },
          "x": 131,
          "y": 42
        }
      },
      {
        "type": "button",
        "data": {
          "name": "button_wiki",
          "text": "Wiki",
          "isUndecorated": false,
          "onClick": {
            "name": "Wiki"
          },
          "width": 36,
          "height": 20,
          "x": 260,
          "y": 42
        }
      },
      {
        "type": "inputslot",
        "data": {
          "inputLimit": {
            "value": "Items.COAL"
          },
          "disablePlacement": {
            "fixedValue": false
          },
          "id": 0,
          "disablePickup": {
            "fixedValue": false
          },
          "dropItemsWhenNotBound": true,
          "x": 151,
          "y": 88
        }
      },
      {
        "type": "inputslot",
        "data": {
          "inputLimit": {
            "value": ""
          },
          "disablePlacement": {
            "fixedValue": false
          },
          "id": 1,
          "disablePickup": {
            "fixedValue": false
          },
          "dropItemsWhenNotBound": true,
          "x": 151,
          "y": 62
        }
      },
      {
        "type": "inputslot",
        "data": {
          "inputLimit": {
            "value": "CUSTOM:WireSpool"
          },
          "disablePlacement": {
            "fixedValue": false
          },
          "id": 2,
          "disablePickup": {
            "fixedValue": false
          },
          "dropItemsWhenNotBound": true,
          "x": 205,
          "y": 74
        }
      },
      {
        "type": "inputslot",
        "data": {
          "inputLimit": {
            "value": ""
          },
          "disablePlacement": {
            "fixedValue": true
          },
          "id": 3,
          "disablePickup": {
            "fixedValue": false
          },
          "dropItemsWhenNotBound": true,
          "onTakenFromSlot": {
            "name": "ExtruderGUIRecipeMade"
          },
          "x": 260,
          "y": 74
        }
      }
    ],
    "onTick": {
      "name": "ExtruderGUIWhileThisGUIIsOpenTick"
    },
    "gridSettings": {
      "sx": 18,
      "sy": 18,
      "ox": 11,
      "oy": 15,
      "snapOnGrid": false
    }
  }
}