{
  "credit": "Made with Blockbench",
  "texture_size": [
    64,
    64
  ],
  "elements": [
    {
      "from": [
        1,
        0,
        1
      ],
      "to": [
        3,
        17,
        3
      ],
      "rotation": {
        "angle": 0,
        "axis": "y",
        "origin": [
          1,
          0,
          1
        ]
      },
      "faces": {
        "north": {
          "uv": [
            4,
            4,
            4.5,
            8.25
          ],
          "texture": "#0"
        },
        "east": {
          "uv": [
            4.5,
            4,
            5,
            8.25
          ],
          "texture": "#0"
        },
        "south": {
          "uv": [
            5,
            4,
            5.5,
            8.25
          ],
          "texture": "#0"
        },
        "west": {
          "uv": [
            5.5,
            4,
            6,
            8.25
          ],
          "texture": "#0"
        },
        "up": {
          "uv": [
            8,
            0.5,
            7.5,
            0
          ],
          "texture": "#0"
        },
        "down": {
          "uv": [
            8,
            0.5,
            7.5,
            1
          ],
          "texture": "#0"
        }
      }
    },
    {
      "from": [
        13,
        0,
        1
      ],
      "to": [
        15,
        12,
        3
      ],
      "rotation": {
        "angle": 0,
        "axis": "y",
        "origin": [
          13,
          0,
          1
        ]
      },
      "faces": {
        "north": {
          "uv": [
            0,
            8,
            0.5,
            11
          ],
          "texture": "#0"
        },
        "east": {
          "uv": [
            0.5,
            8,
            1,
            11
          ],
          "texture": "#0"
        },
        "south": {
          "uv": [
            8,
            4,
            8.5,
            7
          ],
          "texture": "#0"
        },
        "west": {
          "uv": [
            8,
            7,
            8.5,
            10
          ],
          "texture": "#0"
        },
        "up": {
          "uv": [
            8.5,
            0.5,
            8,
            0
          ],
          "texture": "#0"
        },
        "down": {
          "uv": [
            8.5,
            0.5,
            8,
            1
          ],
          "texture": "#0"
        }
      }
    },
    {
      "from": [
        13,
        0,
        29
      ],
      "to": [
        15,
        12,
        31
      ],
      "rotation": {
        "angle": 0,
        "axis": "y",
        "origin": [
          13,
          0,
          29
        ]
      },
      "faces": {
        "north": {
          "uv": [
            4,
            8.25,
            4.5,
            11.25
          ],
          "texture": "#0"
        },
        "east": {
          "uv": [
            4.5,
            8.25,
            5,
            11.25
          ],
          "texture": "#0"
        },
        "south": {
          "uv": [
            5,
            8.25,
            5.5,
            11.25
          ],
          "texture": "#0"
        },
        "west": {
          "uv": [
            5.5,
            8.25,
            6,
            11.25
          ],
          "texture": "#0"
        },
        "up": {
          "uv": [
            8.5,
            1.5,
            8,
            1
          ],
          "texture": "#0"
        },
        "down": {
          "uv": [
            8.5,
            1.5,
            8,
            2
          ],
          "texture": "#0"
        }
      }
    },
    {
      "from": [
        1,
        0,
        29
      ],
      "to": [
        3,
        17,
        31
      ],
      "rotation": {
        "angle": 0,
        "axis": "y",
        "origin": [
          1,
          0,
          29
        ]
      },
      "faces": {
        "north": {
          "uv": [
            6,
            4,
            6.5,
            8.25
          ],
          "texture": "#0"
        },
        "east": {
          "uv": [
            6.5,
            4,
            7,
            8.25
          ],
          "texture": "#0"
        },
        "south": {
          "uv": [
            7,
            4,
            7.5,
            8.25
          ],
          "texture": "#0"
        },
        "west": {
          "uv": [
            7.5,
            4,
            8,
            8.25
          ],
          "texture": "#0"
        },
        "up": {
          "uv": [
            6.5,
            8.75,
            6,
            8.25
          ],
          "texture": "#0"
        },
        "down": {
          "uv": [
            7,
            8.25,
            6.5,
            8.75
          ],
          "texture": "#0"
        }
      }
    },
    {
      "from": [
        1.2,
        1,
        2
      ],
      "to": [
        2.8,
        3,
        30
      ],
      "rotation": {
        "angle": 0,
        "axis": "y",
        "origin": [
          1,
          1,
          3
        ]
      },
      "faces": {
        "north": {
          "uv": [
            7,
            8.25,
            7.5,
            8.75
          ],
          "texture": "#0"
        },
        "east": {
          "uv": [
            1,
            1,
            8,
            1.5
          ],
          "texture": "#0"
        },
        "south": {
          "uv": [
            7.5,
            8.25,
            8,
            8.75
          ],
          "texture": "#0"
        },
        "west": {
          "uv": [
            1,
            1.5,
            8,
            2
          ],
          "texture": "#0"
        },
        "up": {
          "uv": [
            1.5,
            9,
            1,
            2
          ],
          "texture": "#0"
        },
        "down": {
          "uv": [
            2,
            2,
            1.5,
            9
          ],
          "texture": "#0"
        }
      }
    },
    {
      "from": [
        1.2,
        13,
        2
      ],
      "to": [
        2.8,
        15,
        30
      ],
      "rotation": {
        "angle": 0,
        "axis": "y",
        "origin": [
          1,
          13,
          3
        ]
      },
      "faces": {
        "north": {
          "uv": [
            7,
            0,
            7.5,
            0.5
          ],
          "texture": "#0"
        },
        "east": {
          "uv": [
            0,
            0,
            7,
            0.5
          ],
          "texture": "#0"
        },
        "south": {
          "uv": [
            7,
            0.5,
            7.5,
            1
          ],
          "texture": "#0"
        },
        "west": {
          "uv": [
            0,
            0.5,
            7,
            1
          ],
          "texture": "#0"
        },
        "up": {
          "uv": [
            0.5,
            8,
            0,
            1
          ],
          "texture": "#0"
        },
        "down": {
          "uv": [
            1,
            1,
            0.5,
            8
          ],
          "texture": "#0"
        }
      }
    },
    {
      "from": [
        13.2,
        1,
        2
      ],
      "to": [
        14.8,
        3,
        30
      ],
      "rotation": {
        "angle": 0,
        "axis": "y",
        "origin": [
          13,
          1,
          3
        ]
      },
      "faces": {
        "north": {
          "uv": [
            8.5,
            0,
            9,
            0.5
          ],
          "texture": "#0"
        },
        "east": {
          "uv": [
            2,
            2,
            9,
            2.5
          ],
          "texture": "#0"
        },
        "south": {
          "uv": [
            8.5,
            0.5,
            9,
            1
          ],
          "texture": "#0"
        },
        "west": {
          "uv": [
            2,
            2.5,
            9,
            3
          ],
          "texture": "#0"
        },
        "up": {
          "uv": [
            2.5,
            10,
            2,
            3
          ],
          "texture": "#0"
        },
        "down": {
          "uv": [
            3,
            3,
            2.5,
            10
          ],
          "texture": "#0"
        }
      }
    },
    {
      "from": [
        13.2,
        8,
        2
      ],
      "to": [
        14.8,
        10,
        30
      ],
      "rotation": {
        "angle": 0,
        "axis": "y",
        "origin": [
          13,
          8,
          3
        ]
      },
      "faces": {
        "north": {
          "uv": [
            8.5,
            1,
            9,
            1.5
          ],
          "texture": "#0"
        },
        "east": {
          "uv": [
            3,
            3,
            10,
            3.5
          ],
          "texture": "#0"
        },
        "south": {
          "uv": [
            8.5,
            1.5,
            9,
            2
          ],
          "texture": "#0"
        },
        "west": {
          "uv": [
            3,
            3.5,
            10,
            4
          ],
          "texture": "#0"
        },
        "up": {
          "uv": [
            3.5,
            11,
            3,
            4
          ],
          "texture": "#0"
        },
        "down": {
          "uv": [
            4,
            4,
            3.5,
            11
          ],
          "texture": "#0"
        }
      }
    }
  ],
  "groups": [
    {
      "name": "group",
      "origin": [
        13,
        8,
        3
      ],
      "color": 0,
      "children": [
        0,
        1,
        2,
        3,
        4,
        5,
        6,
        7
      ]
    }
  ]
}