{
	"credit": "Made with Blockbench",
	"texture_size": [64, 64],
	"textures": {
		"1": "frame PowerCable",
		"particle": "frame"
	},
	"elements": [
		{
			"from": [1, 0, 1],
			"to": [3, 17, 3],
			"rotation": {"angle": 0, "axis": "y", "origin": [1, 0, 1]},
			"faces": {
				"north": {"uv": [9.5, 8, 10, 12.25], "texture": "#1"},
				"east": {"uv": [2, 10, 2.5, 14.25], "texture": "#1"},
				"south": {"uv": [2.5, 10, 3, 14.25], "texture": "#1"},
				"west": {"uv": [8, 10, 8.5, 14.25], "texture": "#1"},
				"up": {"uv": [11.5, 4, 11, 3.5], "texture": "#1"},
				"down": {"uv": [5, 11.25, 4.5, 11.75], "texture": "#1"}
			}
		},
		{
			"from": [13, 0, 1],
			"to": [15, 12, 3],
			"rotation": {"angle": 0, "axis": "y", "origin": [13, 0, 1]},
			"faces": {
				"north": {"uv": [9, 0, 9.5, 3], "texture": "#1"},
				"east": {"uv": [9.5, 0, 10, 3], "texture": "#1"},
				"south": {"uv": [10, 0, 10.5, 3], "texture": "#1"},
				"west": {"uv": [10.5, 0, 11, 3], "texture": "#1"},
				"up": {"uv": [5.5, 11.75, 5, 11.25], "texture": "#1"},
				"down": {"uv": [6, 11.25, 5.5, 11.75], "texture": "#1"}
			}
		},
		{
			"from": [13, 0, 29],
			"to": [15, 12, 31],
			"rotation": {"angle": 0, "axis": "y", "origin": [13, 0, 29]},
			"faces": {
				"north": {"uv": [11, 0, 11.5, 3], "texture": "#1"},
				"east": {"uv": [3, 11, 3.5, 14], "texture": "#1"},
				"south": {"uv": [3.5, 11, 4, 14], "texture": "#1"},
				"west": {"uv": [11, 8, 11.5, 11], "texture": "#1"},
				"up": {"uv": [12, 0.5, 11.5, 0], "texture": "#1"},
				"down": {"uv": [12, 0.5, 11.5, 1], "texture": "#1"}
			}
		},
		{
			"from": [1, 0, 29],
			"to": [3, 17, 31],
			"rotation": {"angle": 0, "axis": "y", "origin": [1, 0, 29]},
			"faces": {
				"north": {"uv": [10, 8, 10.5, 12.25], "texture": "#1"},
				"east": {"uv": [10.5, 8, 11, 12.25], "texture": "#1"},
				"south": {"uv": [0, 11, 0.5, 15.25], "texture": "#1"},
				"west": {"uv": [0.5, 11, 1, 15.25], "texture": "#1"},
				"up": {"uv": [12, 1.5, 11.5, 1], "texture": "#1"},
				"down": {"uv": [12, 1.5, 11.5, 2], "texture": "#1"}
			}
		},
		{
			"from": [1.2, 1, 2],
			"to": [2.8, 3, 30],
			"rotation": {"angle": 0, "axis": "y", "origin": [1, 1, 3]},
			"faces": {
				"north": {"uv": [11.5, 2.5, 11.89844, 3], "texture": "#1"},
				"east": {"uv": [8.5, 4, 15.5, 4.5], "texture": "#1"},
				"south": {"uv": [11.5, 3.5, 11.89844, 4], "texture": "#1"},
				"west": {"uv": [8.5, 4.5, 15.5, 5], "texture": "#1"},
				"up": {"uv": [8.89844, 15, 8.5, 8], "texture": "#1"},
				"down": {"uv": [6.39844, 8.75, 6, 15.75], "texture": "#1"}
			}
		},
		{
			"from": [1.2, 13, 2],
			"to": [2.8, 15, 30],
			"rotation": {"angle": 0, "axis": "y", "origin": [1, 13, 3]},
			"faces": {
				"north": {"uv": [11.5, 8, 11.89844, 8.5], "texture": "#1"},
				"east": {"uv": [8.5, 5, 15.5, 5.5], "texture": "#1"},
				"south": {"uv": [11.5, 8.5, 11.89844, 9], "texture": "#1"},
				"west": {"uv": [8.5, 5.5, 15.5, 6], "texture": "#1"},
				"up": {"uv": [6.89844, 15.75, 6.5, 8.75], "texture": "#1"},
				"down": {"uv": [7.39844, 8.75, 7, 15.75], "texture": "#1"}
			}
		},
		{
			"from": [13.2, 1, 2],
			"to": [14.8, 3, 30],
			"rotation": {"angle": 0, "axis": "y", "origin": [13, 1, 3]},
			"faces": {
				"north": {"uv": [11.5, 9, 11.89844, 9.5], "texture": "#1"},
				"east": {"uv": [8.5, 6, 15.5, 6.5], "texture": "#1"},
				"south": {"uv": [11.5, 9.5, 11.89844, 10], "texture": "#1"},
				"west": {"uv": [8.5, 6.5, 15.5, 7], "texture": "#1"},
				"up": {"uv": [7.89844, 15.75, 7.5, 8.75], "texture": "#1"},
				"down": {"uv": [1.39844, 9, 1, 16], "texture": "#1"}
			}
		},
		{
			"from": [13.2, 8, 2],
			"to": [14.8, 10, 30],
			"rotation": {"angle": 0, "axis": "y", "origin": [13, 8, 3]},
			"faces": {
				"north": {"uv": [11.5, 10, 11.89844, 10.5], "texture": "#1"},
				"east": {"uv": [8.5, 7, 15.5, 7.5], "texture": "#1"},
				"south": {"uv": [11.5, 10.5, 11.89844, 11], "texture": "#1"},
				"west": {"uv": [8.5, 7.5, 15.5, 8], "texture": "#1"},
				"up": {"uv": [1.89844, 16, 1.5, 9], "texture": "#1"},
				"down": {"uv": [9.39844, 8, 9, 15], "texture": "#1"}
			}
		},
		{
			"from": [6, 6, 0],
			"to": [10, 10, 1],
			"rotation": {"angle": 0, "axis": "y", "origin": [7, 7, 0]},
			"faces": {
				"north": {"uv": [11, 11, 12, 12], "texture": "#1"},
				"east": {"uv": [4, 11.25, 4.5, 12.25], "texture": "#1"},
				"south": {"uv": [11, 11, 12, 12], "texture": "#1"},
				"west": {"uv": [4, 11.25, 4.5, 12.25], "texture": "#1"},
				"up": {"uv": [11, 4, 10, 3.5], "texture": "#1"},
				"down": {"uv": [11, 3.5, 10, 4], "texture": "#1"}
			}
		},
		{
			"from": [6, 6, 31],
			"to": [10, 10, 32],
			"rotation": {"angle": 0, "axis": "y", "origin": [7, 7, 30]},
			"faces": {
				"north": {"uv": [11, 11, 12, 12], "texture": "#1"},
				"east": {"uv": [4, 11.25, 4.5, 12.25], "texture": "#1"},
				"south": {"uv": [11, 11, 12, 12], "texture": "#1"},
				"west": {"uv": [4, 11.25, 4.5, 12.25], "texture": "#1"},
				"up": {"uv": [11, 4, 10, 3.5], "texture": "#1"},
				"down": {"uv": [11, 3.5, 10, 4], "texture": "#1"}
			}
		},
		{
			"from": [3, 6, 1],
			"to": [13, 10, 3],
			"rotation": {"angle": 0, "axis": "y", "origin": [11, 7, 1]},
			"faces": {
				"north": {"uv": [10, 3, 12.5, 3.5], "texture": "#1"},
				"east": {"uv": [11.5, 2, 12, 2.5], "texture": "#1"},
				"south": {"uv": [10, 3, 12.5, 3.5], "texture": "#1"},
				"west": {"uv": [11.5, 2, 12, 2.5], "texture": "#1"},
				"up": {"uv": [12.5, 3.5, 10, 3], "texture": "#1"},
				"down": {"uv": [12.5, 3, 10, 3.5], "texture": "#1"}
			}
		},
		{
			"from": [3, 6, 29],
			"to": [13, 10, 31],
			"rotation": {"angle": 0, "axis": "y", "origin": [11, 7, 29]},
			"faces": {
				"north": {"uv": [10, 3, 12.5, 3.5], "texture": "#1"},
				"east": {"uv": [11.5, 2, 12, 2.5], "texture": "#1"},
				"south": {"uv": [10, 3, 12.5, 3.5], "texture": "#1"},
				"west": {"uv": [11.5, 2, 12, 2.5], "texture": "#1"},
				"up": {"uv": [12.5, 3.5, 10, 3], "texture": "#1"},
				"down": {"uv": [12.5, 3, 10, 3.5], "texture": "#1"}
			}
		}
	],
	"groups": [
		{
			"name": "group",
			"origin": [13, 8, 3],
			"color": 0,
			"children": [0, 1, 2, 3, 4, 5, 6, 7, 8, 9, 10, 11]
		}
	]
}