{
	"texture_size": [32, 32],
	"textures": {
		"particle": "tin_cable",
		"texture": "tin_cable"
	},
	"elements": [
		{
			"name": "mesh1",
			"from": [5, 0, 5],
			"to": [11, 11, 11],
			"rotation": {"angle": 0, "axis": "y", "origin": [8, 8, 8]},
			"faces": {
				"north": {"uv": [5.5, 6.5, 0, 9.5], "rotation": 90, "texture": "#texture"},
				"east": {"uv": [5.5, 13, 0, 16], "rotation": 90, "texture": "#texture"},
				"south": {"uv": [5.5, 9.5, 0, 6.5], "rotation": 90, "texture": "#texture"},
				"west": {"uv": [12, 13, 6.5, 16], "rotation": 90, "texture": "#texture"},
				"up": {"uv": [12, 13, 9, 16], "texture": "#texture"},
				"down": {"uv": [9, 0, 12, 3], "rotation": 180, "texture": "#texture"}
			}
		},
		{
			"name": "mesh2",
			"from": [11, 5, 5],
			"to": [16, 11, 11],
			"rotation": {"angle": 0, "axis": "y", "origin": [8, 8, 8]},
			"faces": {
				"north": {"uv": [5.5, 9.5, 2.5, 12], "rotation": 90, "texture": "#texture"},
				"east": {"uv": [9, 0, 12, 3], "rotation": 90, "texture": "#texture"},
				"south": {"uv": [5.5, 12, 2.5, 9.5], "rotation": 90, "texture": "#texture"},
				"up": {"uv": [12, 16, 14.5, 13], "texture": "#texture"},
				"down": {"uv": [6.5, 16, 9, 13], "rotation": 180, "texture": "#texture"}
			}
		}
	],
	"display": {
		"thirdperson_righthand": {
			"rotation": [75, 45, 0],
			"translation": [0, 2.5, 0],
			"scale": [0.375, 0.375, 0.375]
		},
		"thirdperson_lefthand": {
			"rotation": [75, 45, 0],
			"translation": [0, 2.5, 0],
			"scale": [0.375, 0.375, 0.375]
		},
		"firstperson_righthand": {
			"rotation": [0, 45, 0],
			"scale": [0.4, 0.4, 0.4]
		},
		"firstperson_lefthand": {
			"rotation": [0, 225, 0],
			"scale": [0.4, 0.4, 0.4]
		},
		"ground": {
			"translation": [0, 3, 0],
			"scale": [0.25, 0.25, 0.25]
		},
		"gui": {
			"rotation": [30, 225, 0],
			"scale": [0.625, 0.625, 0.625]
		},
		"fixed": {
			"scale": [0.5, 0.5, 0.5]
		}
	}
}