{
	"texture_size": [32, 32],
	"textures": {
		"particle": "tin_cable",
		"texture": "tin_cable"
	},
	"elements": [
		{
			"name": "mesh1",
			"from": [5, 5, 5],
			"to": [11, 11, 11],
			"faces": {
				"north": {"uv": [12, 0, 9, 3], "texture": "#texture"},
				"east": {"uv": [9, 0, 12, 3], "texture": "#texture"},
				"south": {"uv": [12, 0, 9, 3], "texture": "#texture"},
				"west": {"uv": [9, 0, 12, 3], "texture": "#texture"},
				"up": {"uv": [9, 0, 12, 3], "texture": "#texture"},
				"down": {"uv": [9, 0, 12, 3], "texture": "#texture"}
			}
		}
	],
	"display": {
		"thirdperson_righthand": {
			"rotation": [75, 45, 0],
			"translation": [0, 2.5, 0],
			"scale": [0.375, 0.375, 0.375]
		},
		"thirdperson_lefthand": {
			"rotation": [75, 45, 0],
			"translation": [0, 2.5, 0],
			"scale": [0.375, 0.375, 0.375]
		},
		"firstperson_righthand": {
			"rotation": [0, 45, 0],
			"scale": [0.4, 0.4, 0.4]
		},
		"firstperson_lefthand": {
			"rotation": [0, 225, 0],
			"scale": [0.4, 0.4, 0.4]
		},
		"ground": {
			"translation": [0, 3, 0],
			"scale": [0.25, 0.25, 0.25]
		},
		"gui": {
			"rotation": [30, 225, 0],
			"scale": [0.625, 0.625, 0.625]
		},
		"fixed": {
			"scale": [0.5, 0.5, 0.5]
		}
	}
}