{
	"credit": "Made with Blockbench",
	"texture_size": [32, 32],
	"textures": {
		"0": "cableS2"
	},
	"elements": [
		{
			"from": [5, 5, 5],
			"to": [11, 11, 11],
			"rotation": {"angle": 0, "axis": "y", "origin": [9, 9, 7]},
			"faces": {
				"north": {"uv": [8, 3, 11, 6], "texture": "#0"},
				"east": {"uv": [8, 3, 11, 6], "texture": "#0"},
				"south": {"uv": [8, 3, 11, 6], "texture": "#0"},
				"west": {"uv": [8, 3, 11, 6], "texture": "#0"},
				"up": {"uv": [8, 3, 11, 6], "texture": "#0"},
				"down": {"uv": [8, 3, 11, 6], "texture": "#0"}
			}
		}
	]
}