{
	"credit": "Made with Blockbench",
	"texture_size": [64, 64],
	"textures": {
		"3": "texture",
		"particle": "solarPanelTexture"
	},
	"elements": [
		{
			"from": [0, 0, 0],
			"to": [16, 1, 32],
			"rotation": {"angle": -22.5, "axis": "z", "origin": [3, 0, 6]},
			"faces": {
				"north": {"uv": [8, 2, 12, 2.1875], "texture": "#3"},
				"east": {"uv": [0, 8, 8, 8.1875], "texture": "#3"},
				"south": {"uv": [8, 4, 12, 4.1875], "texture": "#3"},
				"west": {"uv": [8, 0, 16, 0.1875], "texture": "#particle"},
				"up": {"uv": [4, 8, 0, 0], "texture": "#particle"},
				"down": {"uv": [8, 0, 4, 8], "texture": "#particle"}
			}
		}
	]
}