{
  "variants": {
    "facing=north": {
      "model": "the_fe_grid:block/cable_txcc"
    },
    "facing=east": {
      "model": "the_fe_grid:block/cable_txcc",
      "y": 90
    },
    "facing=south": {
      "model": "the_fe_grid:block/cable_txcc",
      "y": 180
    },
    "facing=west": {
      "model": "the_fe_grid:block/cable_txcc",
      "y": 270
    },
    "facing=up": {
      "model": "the_fe_grid:block/cable_txcc",
      "x": 270
    },
    "facing=down": {
      "model": "the_fe_grid:block/cable_txcc",
      "x": 90
    }
  }
}