{
  "credit": "Made with Blockbench",
  "texture_size": [
    32,
    32
  ],
  "elements": [
    {
      "from": [
        5,
        0,
        7
      ],
      "to": [
        6,
        32,
        8
      ],
      "rotation": {
        "angle": 0,
        "axis": "z",
        "origin": [
          6,
          8,
          7
        ]
      },
      "faces": {
        "north": {
          "uv": [
            0,
            0,
            16,
            0.5
          ],
          "rotation": 90,
          "texture": "#1"
        },
        "east": {
          "uv": [
            16,
            1.5,
            0,
            2
          ],
          "rotation": 270,
          "texture": "#1"
        },
        "south": {
          "uv": [
            0,
            0.5,
            16,
            1
          ],
          "rotation": 270,
          "texture": "#1"
        },
        "west": {
          "uv": [
            16,
            1.5,
            0,
            1
          ],
          "rotation": 270,
          "texture": "#1"
        },
        "up": {
          "uv": [
            2,
            6,
            2.5,
            6.5
          ],
          "rotation": 270,
          "texture": "#1"
        },
        "down": {
          "uv": [
            2.5,
            6,
            3,
            6.5
          ],
          "rotation": 270,
          "texture": "#1"
        }
      }
    },
    {
      "from": [
        5,
        0,
        22
      ],
      "to": [
        6,
        32,
        23
      ],
      "rotation": {
        "angle": 0,
        "axis": "z",
        "origin": [
          6,
          8,
          22
        ]
      },
      "faces": {
        "north": {
          "uv": [
            0,
            2,
            16,
            2.5
          ],
          "rotation": 90,
          "texture": "#1"
        },
        "east": {
          "uv": [
            16,
            3.5,
            0,
            4
          ],
          "rotation": 270,
          "texture": "#1"
        },
        "south": {
          "uv": [
            0,
            2.5,
            16,
            3
          ],
          "rotation": 270,
          "texture": "#1"
        },
        "west": {
          "uv": [
            16,
            3.5,
            0,
            3
          ],
          "rotation": 270,
          "texture": "#1"
        },
        "up": {
          "uv": [
            3,
            6,
            3.5,
            6.5
          ],
          "rotation": 270,
          "texture": "#1"
        },
        "down": {
          "uv": [
            3.5,
            6,
            4,
            6.5
          ],
          "rotation": 270,
          "texture": "#1"
        }
      }
    },
    {
      "from": [
        5,
        0,
        8
      ],
      "to": [
        6,
        1,
        22
      ],
      "rotation": {
        "angle": 0,
        "axis": "z",
        "origin": [
          6,
          0,
          8
        ]
      },
      "faces": {
        "north": {
          "uv": [
            4,
            6,
            4.5,
            6.5
          ],
          "rotation": 90,
          "texture": "#1"
        },
        "east": {
          "uv": [
            1,
            5,
            0.5,
            12
          ],
          "rotation": 270,
          "texture": "#1"
        },
        "south": {
          "uv": [
            4.5,
            6,
            5,
            6.5
          ],
          "rotation": 270,
          "texture": "#1"
        },
        "west": {
          "uv": [
            0.5,
            12,
            0,
            5
          ],
          "rotation": 270,
          "texture": "#1"
        },
        "up": {
          "uv": [
            0,
            4,
            7,
            4.5
          ],
          "rotation": 270,
          "texture": "#1"
        },
        "down": {
          "uv": [
            0,
            4.5,
            7,
            5
          ],
          "rotation": 270,
          "texture": "#1"
        }
      }
    },
    {
      "from": [
        5,
        31,
        8
      ],
      "to": [
        6,
        32,
        22
      ],
      "rotation": {
        "angle": 0,
        "axis": "z",
        "origin": [
          6,
          31,
          8
        ]
      },
      "faces": {
        "north": {
          "uv": [
            5,
            6,
            5.5,
            6.5
          ],
          "rotation": 90,
          "texture": "#1"
        },
        "east": {
          "uv": [
            2,
            6,
            1.5,
            13
          ],
          "rotation": 270,
          "texture": "#1"
        },
        "south": {
          "uv": [
            5.5,
            6,
            6,
            6.5
          ],
          "rotation": 270,
          "texture": "#1"
        },
        "west": {
          "uv": [
            1.5,
            13,
            1,
            6
          ],
          "rotation": 270,
          "texture": "#1"
        },
        "up": {
          "uv": [
            1,
            5,
            8,
            5.5
          ],
          "rotation": 270,
          "texture": "#1"
        },
        "down": {
          "uv": [
            1,
            5.5,
            8,
            6
          ],
          "rotation": 270,
          "texture": "#1"
        }
      }
    }
  ],
  "groups": [
    {
      "name": "group",
      "origin": [
        23,
        6,
        1
      ],
      "color": 0,
      "children": [
        0,
        1,
        2,
        3
      ]
    }
  ]
}