{
  "_fv": 66,
  "_type": "recipe",
  "definition": {
    "recipeType": "Crafting",
    "recipeRetstackSize": 1,
    "group": "",
    "cookingBookCategory": "MISC",
    "xpReward": 0.0,
    "cookingTime": 200,
    "craftingBookCategory": "MISC",
    "recipeShapeless": false,
    "recipeSlots": [
      {
        "value": "CUSTOM:IronSheet"
      },
      {
        "value": "CUSTOM:GoldCircuit"
      },
      {
        "value": "CUSTOM:IronWire"
      },
      {
        "value": "CUSTOM:CableN"
      },
      {
        "value": "CUSTOM:HalfAMillionStorageBlock"
      },
      {
        "value": "CUSTOM:Battery"
      },
      {
        "value": "CUSTOM:IronSheet"
      },
      {
        "value": "CUSTOM:IronSheet"
      },
      {
        "value": "CUSTOM:IronSheet"
      }
    ],
    "recipeReturnStack": {
      "value": "CUSTOM:OneMillionStorageBlock"
    },
    "name": "one_million_storage_block_recipe",
    "namespace": "mod"
  }
}