{
  "_fv": 66,
  "_type": "recipe",
  "definition": {
    "recipeType": "Crafting",
    "recipeRetstackSize": 4,
    "group": "",
    "cookingBookCategory": "MISC",
    "xpReward": 0.0,
    "cookingTime": 200,
    "craftingBookCategory": "MISC",
    "recipeShapeless": false,
    "recipeSlots": [
      {
        "value": "Items.IRON_INGOT"
      },
      {
        "value": ""
      },
      {
        "value": "Items.IRON_INGOT"
      },
      {
        "value": "Items.IRON_INGOT"
      },
      {
        "value": "Items.IRON_INGOT"
      },
      {
        "value": "Items.IRON_INGOT"
      },
      {
        "value": "Items.IRON_INGOT"
      },
      {
        "value": "CUSTOM:CableN"
      },
      {
        "value": "Items.IRON_INGOT"
      }
    ],
    "recipeReturnStack": {
      "value": "CUSTOM:SolarPanelFrameWithCable"
    },
    "name": "solar_panel_frame_with_cable_recipe",
    "namespace": "mod"
  }
}