{
  "_fv": 73,
  "_type": "gui",
  "definition": {
    "type": 1,
    "width": 176,
    "height": 166,
    "inventoryOffsetX": 0,
    "inventoryOffsetY": 0,
    "renderBgLayer": true,
    "doesPauseGame": false,
    "components": [
      {
        "type": "label",
        "data": {
          "name": "label_aluminium_processor",
          "text": {
            "fixedValue": "Aluminium Processor"
          },
          "color": {
            "value": -12829636,
            "falpha": 0.0
          },
          "x": 131,
          "y": 42,
          "locked": false
        }
      },
      {
        "type": "button",
        "data": {
          "name": "button_wiki",
          "text": "Wiki",
          "isUndecorated": false,
          "width": 32,
          "height": 20,
          "x": 265,
          "y": 42,
          "locked": false
        }
      },
      {
        "type": "inputslot",
        "data": {
          "inputLimit": {
            "value": ""
          },
          "disablePlacement": {
            "fixedValue": false
          },
          "id": 0,
          "disablePickup": {
            "fixedValue": false
          },
          "dropItemsWhenNotBound": true,
          "x": 151,
          "y": 62,
          "locked": false
        }
      },
      {
        "type": "inputslot",
        "data": {
          "inputLimit": {
            "value": ""
          },
          "disablePlacement": {
            "fixedValue": false
          },
          "id": 1,
          "disablePickup": {
            "fixedValue": false
          },
          "dropItemsWhenNotBound": true,
          "x": 151,
          "y": 93,
          "locked": false
        }
      },
      {
        "type": "inputslot",
        "data": {
          "inputLimit": {
            "value": ""
          },
          "disablePlacement": {
            "fixedValue": true
          },
          "id": 2,
          "disablePickup": {
            "fixedValue": false
          },
          "dropItemsWhenNotBound": true,
          "x": 259,
          "y": 77,
          "locked": false
        }
      },
      {
        "type": "inputslot",
        "data": {
          "inputLimit": {
            "value": ""
          },
          "disablePlacement": {
            "fixedValue": true
          },
          "id": 3,
          "disablePickup": {
            "fixedValue": false
          },
          "dropItemsWhenNotBound": true,
          "x": 205,
          "y": 77,
          "locked": false
        }
      }
    ],
    "onTick": {
      "name": "AluminiumProcessorGUIWhileThisGUIIsOpenTick"
    },
    "gridSettings": {
      "sx": 18,
      "sy": 18,
      "ox": 11,
      "oy": 15,
      "snapOnGrid": false
    }
  }
}