{
  "_fv": 66,
  "_type": "recipe",
  "definition": {
    "recipeType": "Crafting",
    "recipeRetstackSize": 10,
    "group": "",
    "cookingBookCategory": "MISC",
    "xpReward": 0.0,
    "cookingTime": 200,
    "craftingBookCategory": "MISC",
    "recipeShapeless": false,
    "recipeSlots": [
      {
        "value": "Blocks.WOOL"
      },
      {
        "value": "CUSTOM:CopperWire"
      },
      {
        "value": "Blocks.WOOL"
      },
      {
        "value": "CUSTOM:IronWire"
      },
      {
        "value": "CUSTOM:CopperWire"
      },
      {
        "value": "CUSTOM:IronWire"
      },
      {
        "value": "Blocks.WOOL"
      },
      {
        "value": "CUSTOM:CopperWire"
      },
      {
        "value": "Blocks.WOOL"
      }
    ],
    "recipeReturnStack": {
      "value": "CUSTOM:CableN"
    },
    "name": "cable_recipe",
    "namespace": "mod"
  }
}