{
  "_fv": 73,
  "_type": "recipe",
  "definition": {
    "recipeType": "Crafting",
    "recipeRetstackSize": 2,
    "group": "",
    "cookingBookCategory": "MISC",
    "xpReward": 0.0,
    "cookingTime": 200,
    "craftingBookCategory": "MISC",
    "recipeShapeless": false,
    "recipeSlots": [
      {
        "value": "CUSTOM:IronSheet"
      },
      {
        "value": "Items.PAPER"
      },
      {
        "value": "CUSTOM:IronSheet"
      },
      {
        "value": "CUSTOM:IronSheet"
      },
      {
        "value": "Items.PAPER"
      },
      {
        "value": "CUSTOM:IronSheet"
      },
      {
        "value": ""
      },
      {
        "value": "CUSTOM:IronWire"
      },
      {
        "value": ""
      }
    ],
    "recipeReturnStack": {
      "value": "CUSTOM:Capacitor"
    },
    "name": "capacitor_recipe",
    "namespace": "mod"
  }
}