{
  "_fv": 73,
  "_type": "gui",
  "definition": {
    "type": 1,
    "width": 176,
    "height": 166,
    "inventoryOffsetX": 0,
    "inventoryOffsetY": 0,
    "renderBgLayer": true,
    "doesPauseGame": false,
    "components": [
      {
        "type": "label",
        "data": {
          "name": "label_fe_test_block",
          "text": {
            "fixedValue": "FE Test Block"
          },
          "color": {
            "value": -12829636,
            "falpha": 0.0
          },
          "x": 131,
          "y": 42,
          "locked": false
        }
      },
      {
        "type": "label",
        "data": {
          "name": "label_x1",
          "text": {
            "fixedValue": "x-1"
          },
          "color": {
            "value": -12829636,
            "falpha": 0.0
          },
          "x": 153,
          "y": 63,
          "locked": false
        }
      },
      {
        "type": "label",
        "data": {
          "name": "label_x11",
          "text": {
            "fixedValue": "x+1"
          },
          "color": {
            "value": -12829636,
            "falpha": 0.0
          },
          "x": 171,
          "y": 63,
          "locked": false
        }
      },
      {
        "type": "label",
        "data": {
          "name": "label_y1",
          "text": {
            "fixedValue": "y-1"
          },
          "color": {
            "value": -12829636,
            "falpha": 0.0
          },
          "x": 189,
          "y": 63,
          "locked": false
        }
      },
      {
        "type": "label",
        "data": {
          "name": "label_y11",
          "text": {
            "fixedValue": "y+1"
          },
          "color": {
            "value": -12829636,
            "falpha": 0.0
          },
          "x": 209,
          "y": 63,
          "locked": false
        }
      },
      {
        "type": "label",
        "data": {
          "name": "label_z1",
          "text": {
            "fixedValue": "z-1"
          },
          "color": {
            "value": -12829636,
            "falpha": 0.0
          },
          "x": 225,
          "y": 63,
          "locked": false
        }
      },
      {
        "type": "label",
        "data": {
          "name": "label_z11",
          "text": {
            "fixedValue": "z+1"
          },
          "color": {
            "value": -12829636,
            "falpha": 0.0
          },
          "x": 242,
          "y": 63,
          "locked": false
        }
      },
      {
        "type": "inputslot",
        "data": {
          "inputLimit": {
            "value": ""
          },
          "disablePlacement": {
            "fixedValue": true
          },
          "id": 0,
          "disablePickup": {
            "fixedValue": true
          },
          "dropItemsWhenNotBound": true,
          "x": 151,
          "y": 74,
          "locked": false
        }
      },
      {
        "type": "inputslot",
        "data": {
          "inputLimit": {
            "value": ""
          },
          "disablePlacement": {
            "fixedValue": true
          },
          "id": 1,
          "disablePickup": {
            "fixedValue": true
          },
          "dropItemsWhenNotBound": true,
          "x": 169,
          "y": 74,
          "locked": false
        }
      },
      {
        "type": "inputslot",
        "data": {
          "inputLimit": {
            "value": ""
          },
          "disablePlacement": {
            "fixedValue": true
          },
          "id": 2,
          "disablePickup": {
            "fixedValue": true
          },
          "dropItemsWhenNotBound": true,
          "x": 187,
          "y": 74,
          "locked": false
        }
      },
      {
        "type": "inputslot",
        "data": {
          "inputLimit": {
            "value": ""
          },
          "disablePlacement": {
            "fixedValue": true
          },
          "id": 3,
          "disablePickup": {
            "fixedValue": true
          },
          "dropItemsWhenNotBound": true,
          "x": 205,
          "y": 74,
          "locked": false
        }
      },
      {
        "type": "inputslot",
        "data": {
          "inputLimit": {
            "value": ""
          },
          "disablePlacement": {
            "fixedValue": true
          },
          "id": 4,
          "disablePickup": {
            "fixedValue": true
          },
          "dropItemsWhenNotBound": true,
          "x": 223,
          "y": 74,
          "locked": false
        }
      },
      {
        "type": "inputslot",
        "data": {
          "inputLimit": {
            "value": ""
          },
          "disablePlacement": {
            "fixedValue": true
          },
          "id": 5,
          "disablePickup": {
            "fixedValue": true
          },
          "dropItemsWhenNotBound": true,
          "x": 241,
          "y": 74,
          "locked": false
        }
      }
    ],
    "gridSettings": {
      "sx": 18,
      "sy": 18,
      "ox": 11,
      "oy": 15,
      "snapOnGrid": false
    }
  }
}