{
	"credit": "Made with Blockbench",
	"texture_size": [32, 32],
	"textures": {
		"0": "diamond_circit",
		"1": "block/123124124124"
	},
	"elements": [
		{
			"from": [2, 0, 2],
			"to": [14, 1, 14],
			"rotation": {"angle": 0, "axis": "y", "origin": [8, 0, 8]},
			"faces": {
				"north": {"uv": [6, 0, 12, 0.5], "texture": "#1"},
				"east": {"uv": [6, 0.5, 12, 1], "texture": "#1"},
				"south": {"uv": [6, 1, 12, 1.5], "texture": "#1"},
				"west": {"uv": [6, 1.5, 12, 2], "texture": "#1"},
				"up": {"uv": [14, 14, 2, 2], "rotation": 270, "texture": "#0"},
				"down": {"uv": [6, 6, 0, 12], "texture": "#1"}
			}
		},
		{
			"from": [12, 0, 14],
			"to": [13, 1, 16],
			"rotation": {"angle": 0, "axis": "y", "origin": [12, 0, 15]},
			"faces": {
				"north": {"uv": [6, 8, 6.5, 8.5], "texture": "#1"},
				"east": {"uv": [6, 2, 7, 2.5], "texture": "#1"},
				"south": {"uv": [8.5, 7, 9, 7.5], "texture": "#1"},
				"west": {"uv": [6, 2.5, 7, 3], "texture": "#1"},
				"up": {"uv": [6.5, 4, 6, 3], "texture": "#1"},
				"down": {"uv": [6.5, 4, 6, 5], "texture": "#1"}
			}
		},
		{
			"from": [4, 0, 14],
			"to": [5, 1, 16],
			"rotation": {"angle": 0, "axis": "y", "origin": [4, 0, 15]},
			"faces": {
				"north": {"uv": [8.5, 7.5, 9, 8], "texture": "#1"},
				"east": {"uv": [6, 5, 7, 5.5], "texture": "#1"},
				"south": {"uv": [8, 8.5, 8.5, 9], "texture": "#1"},
				"west": {"uv": [6, 5.5, 7, 6], "texture": "#1"},
				"up": {"uv": [6.5, 7, 6, 6], "texture": "#1"},
				"down": {"uv": [7, 3, 6.5, 4], "texture": "#1"}
			}
		},
		{
			"from": [8, 0, 14],
			"to": [9, 1, 16],
			"rotation": {"angle": 0, "axis": "y", "origin": [8, 0, 15]},
			"faces": {
				"north": {"uv": [8.5, 8, 9, 8.5], "texture": "#1"},
				"east": {"uv": [6.5, 4, 7.5, 4.5], "texture": "#1"},
				"south": {"uv": [8.5, 8.5, 9, 9], "texture": "#1"},
				"west": {"uv": [6.5, 4.5, 7.5, 5], "texture": "#1"},
				"up": {"uv": [7, 7, 6.5, 6], "texture": "#1"},
				"down": {"uv": [7.5, 2, 7, 3], "texture": "#1"}
			}
		},
		{
			"from": [4, 0, 0],
			"to": [5, 1, 2],
			"rotation": {"angle": 0, "axis": "y", "origin": [4, 0, 1]},
			"faces": {
				"north": {"uv": [9, 2, 9.5, 2.5], "texture": "#0"},
				"east": {"uv": [9, 3.5, 10, 4], "texture": "#0"},
				"south": {"uv": [9, 2.5, 9.5, 3], "texture": "#0"},
				"west": {"uv": [6, 3.5, 7, 4], "texture": "#0"},
				"up": {"uv": [6.5, 5, 6, 4], "texture": "#0"},
				"down": {"uv": [6.5, 4, 6, 5], "texture": "#0"}
			}
		},
		{
			"from": [12, 0, 0],
			"to": [13, 1, 2],
			"rotation": {"angle": 0, "axis": "y", "origin": [12, 0, 1]},
			"faces": {
				"north": {"uv": [9, 3, 9.5, 3.5], "texture": "#1"},
				"east": {"uv": [7, 6, 8, 6.5], "texture": "#1"},
				"south": {"uv": [9, 3.5, 9.5, 4], "texture": "#1"},
				"west": {"uv": [6.5, 7, 7.5, 7.5], "texture": "#1"},
				"up": {"uv": [8, 3, 7.5, 2], "texture": "#1"},
				"down": {"uv": [8, 4, 7.5, 5], "texture": "#1"}
			}
		},
		{
			"from": [8, 0, 0],
			"to": [9, 1, 2],
			"rotation": {"angle": 0, "axis": "y", "origin": [8, 0, 1]},
			"faces": {
				"north": {"uv": [9, 4, 9.5, 4.5], "texture": "#1"},
				"east": {"uv": [7, 6.5, 8, 7], "texture": "#1"},
				"south": {"uv": [9, 4.5, 9.5, 5], "texture": "#1"},
				"west": {"uv": [7.5, 5, 8.5, 5.5], "texture": "#1"},
				"up": {"uv": [7, 8.5, 6.5, 7.5], "texture": "#1"},
				"down": {"uv": [7.5, 7.5, 7, 8.5], "texture": "#1"}
			}
		},
		{
			"from": [14, 0, 5],
			"to": [16, 1, 6],
			"rotation": {"angle": 0, "axis": "y", "origin": [15, 0, 6]},
			"faces": {
				"north": {"uv": [7.5, 5.5, 8.5, 6], "texture": "#1"},
				"east": {"uv": [6, 9, 6.5, 9.5], "texture": "#1"},
				"south": {"uv": [7.5, 7, 8.5, 7.5], "texture": "#1"},
				"west": {"uv": [9, 6, 9.5, 6.5], "texture": "#1"},
				"up": {"uv": [8.5, 8, 7.5, 7.5], "texture": "#1"},
				"down": {"uv": [9, 2, 8, 2.5], "texture": "#1"}
			}
		},
		{
			"from": [14, 0, 9],
			"to": [16, 1, 10],
			"rotation": {"angle": 0, "axis": "y", "origin": [15, 0, 10]},
			"faces": {
				"north": {"uv": [8, 2.5, 9, 3], "texture": "#1"},
				"east": {"uv": [6.5, 9, 7, 9.5], "texture": "#1"},
				"south": {"uv": [8, 3, 9, 3.5], "texture": "#1"},
				"west": {"uv": [9, 6.5, 9.5, 7], "texture": "#1"},
				"up": {"uv": [9, 4, 8, 3.5], "texture": "#1"},
				"down": {"uv": [9, 4, 8, 4.5], "texture": "#1"}
			}
		},
		{
			"from": [0, 0, 5],
			"to": [2, 1, 6],
			"rotation": {"angle": 0, "axis": "y", "origin": [1, 0, 6]},
			"faces": {
				"north": {"uv": [8, 4.5, 9, 5], "texture": "#1"},
				"east": {"uv": [7, 9, 7.5, 9.5], "texture": "#1"},
				"south": {"uv": [8, 6, 9, 6.5], "texture": "#1"},
				"west": {"uv": [9, 7, 9.5, 7.5], "texture": "#1"},
				"up": {"uv": [9, 7, 8, 6.5], "texture": "#1"},
				"down": {"uv": [8.5, 8, 7.5, 8.5], "texture": "#1"}
			}
		},
		{
			"from": [0, 0, 9],
			"to": [2, 1, 10],
			"rotation": {"angle": 0, "axis": "y", "origin": [1, 0, 10]},
			"faces": {
				"north": {"uv": [8.5, 5, 9.5, 5.5], "texture": "#1"},
				"east": {"uv": [7.5, 9, 8, 9.5], "texture": "#1"},
				"south": {"uv": [8.5, 5.5, 9.5, 6], "texture": "#1"},
				"west": {"uv": [9, 7.5, 9.5, 8], "texture": "#1"},
				"up": {"uv": [7, 9, 6, 8.5], "texture": "#1"},
				"down": {"uv": [8, 8.5, 7, 9], "texture": "#1"}
			}
		}
	],
	"groups": [
		{
			"name": "bone",
			"origin": [8, 0, 8],
			"color": 0,
			"children": [0, 1, 2, 3, 4, 5, 6, 7, 8, 9, 10]
		}
	]
}