{
	"credit": "Made with Blockbench",
	"texture_size": [32, 32],
	"textures": {
		"0": "assets/cableS2"
	},
	"elements": [
		{
			"from": [11, 5, 5],
			"to": [16, 11, 11],
			"rotation": {"angle": 0, "axis": "y", "origin": [8, 6, 8]},
			"faces": {
				"north": {"uv": [0, 0, 8, 3], "texture": "#0"},
				"east": {"uv": [8, 3, 11, 6], "texture": "#0"},
				"south": {"uv": [0, 3, 8, 6], "texture": "#0"},
				"west": {"uv": [8, 6, 11, 9], "texture": "#0"},
				"up": {"uv": [3, 9, 0, 6], "texture": "#0"},
				"down": {"uv": [16, 0, 8, 3], "texture": "#0"}
			}
		},
		{
			"from": [5, 5, 0],
			"to": [11, 11, 5],
			"rotation": {"angle": 0, "axis": "y", "origin": [8, 6, 8]},
			"faces": {
				"north": {"uv": [8, 3, 11, 6], "texture": "#0"},
				"east": {"uv": [0, 3, 8, 6], "texture": "#0"},
				"south": {"uv": [8, 6, 11, 9], "texture": "#0"},
				"west": {"uv": [0, 0, 8, 3], "texture": "#0"},
				"up": {"uv": [8, 9, 0, 6], "rotation": 270, "texture": "#0"},
				"down": {"uv": [16, 0, 8, 3], "rotation": 90, "texture": "#0"}
			}
		},
		{
			"from": [5, 5, 5],
			"to": [11, 11, 11],
			"rotation": {"angle": 0, "axis": "y", "origin": [9, 9, 7]},
			"faces": {
				"north": {"uv": [0, 0, 3, 3], "texture": "#missing"},
				"east": {"uv": [0, 0, 3, 3], "texture": "#missing"},
				"south": {"uv": [8, 3, 11, 6], "texture": "#0"},
				"west": {"uv": [8, 3, 11, 6], "texture": "#0"},
				"up": {"uv": [8, 3, 11, 6], "texture": "#0"},
				"down": {"uv": [8, 3, 11, 6], "texture": "#0"}
			}
		}
	]
}