{
	"credit": "Made with Blockbench",
	"texture_size": [32, 32],
	"textures": {
		"0": "assets/cableS2"
	},
	"elements": [
		{
			"from": [5, 0, 5],
			"to": [11, 16, 11],
			"rotation": {"angle": 0, "axis": "y", "origin": [10, 8, 8]},
			"faces": {
				"north": {"uv": [0, 0, 8, 3], "rotation": 90, "texture": "#0"},
				"east": {"uv": [16, 0, 8, 3], "rotation": 270, "texture": "#0"},
				"south": {"uv": [0, 3, 8, 6], "rotation": 270, "texture": "#0"},
				"west": {"uv": [8, 9, 0, 6], "rotation": 270, "texture": "#0"},
				"up": {"uv": [8, 3, 11, 6], "rotation": 270, "texture": "#0"},
				"down": {"uv": [8, 6, 11, 9], "rotation": 270, "texture": "#0"}
			}
		}
	]
}