{
	"credit": "Made with Blockbench",
	"texture_size": [128, 128],
	"textures": {
		"particle": "solarPanelTexture"
	},
	"elements": [
		{
			"from": [0, 0, 0],
			"to": [16, 1, 32],
			"rotation": {"angle": -22.5, "axis": "z", "origin": [3, 0, 6]},
			"faces": {
				"north": {"uv": [4, 0.375, 6, 0.5], "texture": "#particle"},
				"east": {"uv": [4, 0.125, 8, 0.25], "texture": "#particle"},
				"south": {"uv": [4, 0.5, 6, 0.625], "texture": "#particle"},
				"west": {"uv": [4, 0.25, 8, 0.375], "texture": "#particle"},
				"up": {"uv": [6, 6.125, 4, 2.125], "texture": "#particle"},
				"down": {"uv": [2, 4.125, 0, 8.125], "texture": "#particle"}
			}
		}
	]
}