{
  "credit": "Made with Blockbench",
  "texture_size": [
    32,
    32
  ],
  "elements": [
    {
      "from": [
        0,
        5,
        5
      ],
      "to": [
        16,
        11,
        11
      ],
      "rotation": {
        "angle": 0,
        "axis": "y",
        "origin": [
          8,
          8,
          10
        ]
      },
      "faces": {
        "north": {
          "uv": [
            8,
            9,
            0,
            6
          ],
          "rotation": 180,
          "texture": "#1"
        },
        "east": {
          "uv": [
            8,
            3,
            11,
            6
          ],
          "rotation": 90,
          "texture": "#1"
        },
        "south": {
          "uv": [
            16,
            0,
            8,
            3
          ],
          "texture": "#1"
        },
        "west": {
          "uv": [
            8,
            6,
            11,
            9
          ],
          "rotation": 270,
          "texture": "#1"
        },
        "up": {
          "uv": [
            0,
            3,
            8,
            6
          ],
          "texture": "#1"
        },
        "down": {
          "uv": [
            0,
            0,
            8,
            3
          ],
          "rotation": 180,
          "texture": "#1"
        }
      }
    }
  ]
}