{
  "_fv": 66,
  "_type": "recipe",
  "definition": {
    "recipeType": "Crafting",
    "recipeRetstackSize": 3,
    "group": "",
    "cookingBookCategory": "MISC",
    "xpReward": 0.0,
    "cookingTime": 200,
    "craftingBookCategory": "MISC",
    "recipeShapeless": false,
    "recipeSlots": [
      {
        "value": "CUSTOM:IronWire"
      },
      {
        "value": "CUSTOM:SiliconWafer"
      },
      {
        "value": "CUSTOM:IronWire"
      },
      {
        "value": "Items.REDSTONE"
      },
      {
        "value": "Items.DIAMOND"
      },
      {
        "value": "Items.REDSTONE"
      },
      {
        "value": "CUSTOM:IronWire"
      },
      {
        "value": "CUSTOM:SiliconWafer"
      },
      {
        "value": "CUSTOM:IronWire"
      }
    ],
    "recipeReturnStack": {
      "value": "CUSTOM:DiamondCircuit"
    },
    "name": "diamond_circuit_recipe",
    "namespace": "mod"
  }
}