{
  "_fv": 73,
  "_type": "block",
  "definition": {
    "texture": "cables2",
    "textureTop": "",
    "textureLeft": "",
    "textureFront": "",
    "textureRight": "",
    "textureBack": "",
    "renderType": 2,
    "customModelName": "fe_cable_-_west-up:default",
    "rotationMode": 0,
    "enablePitch": false,
    "emissiveRendering": false,
    "displayFluidOverlay": false,
    "itemTexture": "fe_cable_-_converted",
    "particleTexture": "",
    "tintType": "No tint",
    "isItemTinted": false,
    "hasTransparency": true,
    "connectedSides": false,
    "transparencyType": "SOLID",
    "disableOffset": false,
    "boundingBoxes": [
      {
        "mx": 0.0,
        "my": 5.0,
        "mz": 5.0,
        "Mx": 5.0,
        "My": 11.0,
        "Mz": 11.0,
        "subtract": false
      },
      {
        "mx": 5.0,
        "my": 11.0,
        "mz": 5.0,
        "Mx": 11.0,
        "My": 16.0,
        "Mz": 11.0,
        "subtract": false
      },
      {
        "mx": 5.0,
        "my": 5.0,
        "mz": 5.0,
        "Mx": 11.0,
        "My": 11.0,
        "Mz": 11.0,
        "subtract": false
      }
    ],
    "customProperties": [
      {
        "name": "CUSTOM:west",
        "type": "logic",
        "value": false
      },
      {
        "name": "CUSTOM:north",
        "type": "logic",
        "value": false
      },
      {
        "name": "CUSTOM:south",
        "type": "logic",
        "value": false
      },
      {
        "name": "CUSTOM:east",
        "type": "logic",
        "value": false
      },
      {
        "name": "CUSTOM:up",
        "type": "logic",
        "value": false
      },
      {
        "name": "CUSTOM:down",
        "type": "logic",
        "value": false
      }
    ],
    "name": "CableWestUp",
    "specialInformation": {
      "fixedValue": []
    },
    "hardness": 4.0,
    "resistance": 4.0,
    "hasGravity": false,
    "isWaterloggable": false,
    "creativeTabs": [],
    "destroyTool": "pickaxe",
    "customDrop": {
      "value": "CUSTOM:Cable"
    },
    "dropAmount": 1,
    "useLootTableForDrops": false,
    "requiresCorrectTool": false,
    "enchantPowerBonus": 0.0,
    "plantsGrowOn": false,
    "canRedstoneConnect": false,
    "lightOpacity": 0,
    "material": {
      "value": "NONE"
    },
    "tickRate": 1,
    "tickRandomly": false,
    "isReplaceable": false,
    "canProvidePower": false,
    "emittedRedstonePower": {
      "fixedValue": 15.0
    },
    "colorOnMap": "DEFAULT",
    "creativePickItem": {
      "value": ""
    },
    "offsetType": "NONE",
    "aiPathNodeType": "DEFAULT",
    "flammability": 0,
    "fireSpreadSpeed": 0,
    "isLadder": false,
    "slipperiness": 0.6,
    "speedFactor": 1.0,
    "jumpFactor": 1.0,
    "reactionToPushing": "NORMAL",
    "isNotColidable": false,
    "isCustomSoundType": false,
    "soundOnStep": {
      "value": "CLOTH"
    },
    "breakSound": {
      "value": ""
    },
    "fallSound": {
      "value": ""
    },
    "hitSound": {
      "value": ""
    },
    "placeSound": {
      "value": ""
    },
    "stepSound": {
      "value": ""
    },
    "luminance": 0,
    "unbreakable": false,
    "vanillaToolTier": "NONE",
    "isBonemealable": false,
    "hasInventory": true,
    "openGUIOnRightClick": false,
    "inventorySize": 9,
    "inventoryStackSize": 64,
    "inventoryDropWhenDestroyed": true,
    "inventoryComparatorPower": true,
    "inventoryOutSlotIDs": [],
    "inventoryInSlotIDs": [],
    "hasEnergyStorage": true,
    "energyInitial": 0,
    "energyCapacity": 600,
    "energyMaxReceive": 200,
    "energyMaxExtract": 205,
    "isFluidTank": false,
    "fluidCapacity": 8000,
    "fluidRestrictions": [],
    "onBlockAdded": {
      "name": "CableAddToWorld"
    },
    "onNeighbourBlockChanges": {
      "name": "CableNeighbourBlockChanges"
    },
    "onTickUpdate": {
      "name": "CableOnTickUpdate"
    },
    "onBlockPlayedBy": {
      "name": "CableAddToWorld"
    },
    "generateFeature": false,
    "restrictionBiomes": [],
    "blocksToReplace": [
      {
        "value": "TAG:stone_ore_replaceables"
      }
    ],
    "generationShape": "UNIFORM",
    "frequencyPerChunks": 10,
    "frequencyOnChunk": 16,
    "minGenerateHeight": 0,
    "maxGenerateHeight": 64
  }
}