{
  "_fv": 73,
  "_type": "gui",
  "definition": {
    "type": 1,
    "width": 176,
    "height": 166,
    "inventoryOffsetX": 0,
    "inventoryOffsetY": 0,
    "renderBgLayer": true,
    "doesPauseGame": false,
    "components": [
      {
        "type": "label",
        "data": {
          "name": "label_extruder",
          "text": {
            "fixedValue": "Extruder"
          },
          "color": {
            "value": -12829636,
            "falpha": 0.0
          },
          "x": 131,
          "y": 42,
          "locked": false
        }
      },
      {
        "type": "inputslot",
        "data": {
          "inputLimit": {
            "value": "Items.COAL#0"
          },
          "disablePlacement": {
            "fixedValue": false
          },
          "id": 0,
          "disablePickup": {
            "fixedValue": false
          },
          "dropItemsWhenNotBound": true,
          "x": 151,
          "y": 86,
          "locked": false
        }
      },
      {
        "type": "inputslot",
        "data": {
          "inputLimit": {
            "value": ""
          },
          "disablePlacement": {
            "fixedValue": false
          },
          "id": 1,
          "disablePickup": {
            "fixedValue": false
          },
          "dropItemsWhenNotBound": true,
          "x": 151,
          "y": 56,
          "locked": false
        }
      },
      {
        "type": "inputslot",
        "data": {
          "inputLimit": {
            "value": "CUSTOM:WireSpool"
          },
          "disablePlacement": {
            "fixedValue": false
          },
          "id": 2,
          "disablePickup": {
            "fixedValue": false
          },
          "dropItemsWhenNotBound": true,
          "x": 205,
          "y": 71,
          "locked": false
        }
      },
      {
        "type": "inputslot",
        "data": {
          "inputLimit": {
            "value": ""
          },
          "disablePlacement": {
            "fixedValue": true
          },
          "id": 3,
          "disablePickup": {
            "fixedValue": false
          },
          "dropItemsWhenNotBound": true,
          "onTakenFromSlot": {
            "name": "IronWireRR"
          },
          "x": 259,
          "y": 71,
          "locked": false
        }
      },
      {
        "type": "button",
        "data": {
          "name": "button_guide",
          "text": "Guide",
          "isUndecorated": false,
          "width": 33,
          "height": 20,
          "x": 264,
          "y": 42,
          "locked": false
        }
      }
    ],
    "onTick": {
      "name": "IronWireR"
    },
    "gridSettings": {
      "sx": 18,
      "sy": 18,
      "ox": 11,
      "oy": 15,
      "snapOnGrid": false
    }
  }
}