{
  "_fv": 73,
  "_type": "recipe",
  "definition": {
    "recipeType": "Crafting",
    "recipeRetstackSize": 1,
    "group": "",
    "cookingBookCategory": "MISC",
    "xpReward": 0.0,
    "cookingTime": 200,
    "craftingBookCategory": "MISC",
    "recipeShapeless": false,
    "recipeSlots": [
      {
        "value": "CUSTOM:SteelIngot"
      },
      {
        "value": "CUSTOM:IronCircuit"
      },
      {
        "value": "CUSTOM:IronWire"
      },
      {
        "value": "CUSTOM:Cable"
      },
      {
        "value": "CUSTOM:QuarterOfAMillionStorageBlock"
      },
      {
        "value": "CUSTOM:BatteryGroupI"
      },
      {
        "value": "CUSTOM:SteelIngot"
      },
      {
        "value": "CUSTOM:SteelIngot"
      },
      {
        "value": "CUSTOM:SteelIngot"
      }
    ],
    "recipeReturnStack": {
      "value": "CUSTOM:HalfAMillionStorageBlock"
    },
    "name": "half_a_million_storage_unit_recipe",
    "namespace": "mod"
  }
}