{
  "_fv": 73,
  "_type": "recipe",
  "definition": {
    "recipeType": "Crafting",
    "recipeRetstackSize": 4,
    "group": "",
    "cookingBookCategory": "MISC",
    "xpReward": 0.0,
    "cookingTime": 200,
    "craftingBookCategory": "MISC",
    "recipeShapeless": false,
    "recipeSlots": [
      {
        "value": "Blocks.GLASS_PANE"
      },
      {
        "value": "Blocks.GLASS_PANE"
      },
      {
        "value": "Blocks.GLASS_PANE"
      },
      {
        "value": "CUSTOM:IronWire"
      },
      {
        "value": "CUSTOM:SiliconWafer"
      },
      {
        "value": "CUSTOM:IronWire"
      },
      {
        "value": "Blocks.GLASS_PANE"
      },
      {
        "value": "CUSTOM:SiliconWafer"
      },
      {
        "value": "Blocks.GLASS_PANE"
      }
    ],
    "recipeReturnStack": {
      "value": "CUSTOM:SolarCell"
    },
    "name": "solar_cell_recipe",
    "namespace": "mod"
  }
}