{
  "_fv": 73,
  "_type": "recipe",
  "definition": {
    "recipeType": "Crafting",
    "recipeRetstackSize": 1,
    "group": "",
    "cookingBookCategory": "MISC",
    "xpReward": 0.0,
    "cookingTime": 200,
    "craftingBookCategory": "MISC",
    "recipeShapeless": false,
    "recipeSlots": [
      {
        "value": "CUSTOM:AluminiumFrame"
      },
      {
        "value": "Blocks.GLASS_PANE"
      },
      {
        "value": "Blocks.GLASS_PANE"
      },
      {
        "value": "CUSTOM:SolarCell"
      },
      {
        "value": "CUSTOM:SolarCell"
      },
      {
        "value": "CUSTOM:SolarCell"
      },
      {
        "value": "Blocks.GLASS_PANE"
      },
      {
        "value": "CUSTOM:SolarPanelCircit"
      },
      {
        "value": "Blocks.GLASS_PANE"
      }
    ],
    "recipeReturnStack": {
      "value": "CUSTOM:SolarPanel"
    },
    "name": "solar_panel_recipe",
    "namespace": "mod"
  }
}